name,location,capacity,rating,reviews,description
Atlanta Botanical Garden,"Atlanta, GA",151-200 Guests,4.7,21,"An urban oasis nestled in the heart of Midtown, offering lush lawns and tropical foliage."
Monday Night Brewing: The Garage,"Metro Atlanta, GA",300+ Guests,4.9,14,A charming private event space with high ceilings and natural light.
Factory Atlanta,"Atlanta, GA",300+ Guests,5.0,6,An industrial-chic venue perfect for creative couples.
Ambient + Studio,"Atlanta, GA",251-300 Guests,4.4,9,A unique wedding venue built in 1910 with historic charm.
Grana,"Atlanta, GA",151-200 Guests,5.0,1,Offers authentic Southern Italian cuisine in a warm setting.
Journeyman's Hall,"Atlanta, GA",151-200 Guests,5.0,3,A wedding venue led by Chef Vincent Marra in South Downtown Atlanta.
Ecco Buckhead,"Atlanta, GA",300+ Guests,5.0,0,An elegant restaurant venue in Buckhead for weddings and events.
Hyatt Regency Atlanta Perimeter at Villa Christina,"Atlanta, GA",300+ Guests,4.6,63,A hotel surrounded by landscaped gardens with outdoor space.
Park Tavern: The Piedmont Room & Piedmont Garden Tent,"Atlanta, GA",251-300 Guests,4.7,132,Overlooks Piedmont Park with indoor and outdoor spaces.
The Kimpton Shane,"Atlanta, GA",51-100 Guests,0.0,0,A boutique hotel with stunning architecture and stylish furnishings.
FORTH Hotel Atlanta,"Atlanta, GA",201-250 Guests,0.0,0,A luxury venue in Old Fourth Ward with an elegant ballroom.
Wahoo! Grill,"Decatur, GA",201-250 Guests,5.0,100,A full-service venue with outstanding staff for weddings.
The White Bull,"Decatur, GA",51-100 Guests,0.0,0,An Italian farm-to-table restaurant with event space.
Emory Conference Center Hotel,"Atlanta, GA",300+ Guests,4.8,41,An elegant venue with unique surroundings near the airport.
Swan Coach House,"Atlanta, GA",101-150 Guests,5.0,7,A historic venue in Buckhead with elegant spaces.
Historic DeKalb Courthouse,"Decatur, GA",101-150 Guests,4.9,92,An elegant courthouse with marble interiors and high ceilings.
The Wimbish House,"Atlanta, GA",201-250 Guests,4.9,85,A Victorian-era home in Midtown for weddings and events.
Callanwolde Fine Arts Center,"Atlanta, GA",151-200 Guests,4.6,38,A unique venue with a century-long legacy in Druid Hills.
SCAD Ivy Hall,"Atlanta, GA",101-150 Guests,4.5,4,A historic wedding venue designed by Gottfried L. Norrman.
Renaissance Atlanta Midtown Hotel,"Midtown Atlanta, GA",300+ Guests,5.0,2,A hotel in the arts district with modern amenities.
Intercontinental Buckhead Atlanta,"Atlanta, GA",300+ Guests,5.0,8,A luxury hotel combining classic charm with modern luxury.
Epicurean Hotel Atlanta,"Atlanta, GA",101-150 Guests,5.0,3,A luxe venue inspired by modern architecture for weddings.
Wrecking Bar Brewpub,"Atlanta, GA",201-250 Guests,5.0,9,A historic mansion with Victorian-era architecture.
Grand Hyatt Atlanta in Buckhead,"Atlanta, GA",300+ Guests,5.0,4,An urban retreat with tenured staff for wedding events.
Waldorf Astoria Atlanta Buckhead,"Atlanta, GA",51-100 Guests,4.9,7,A luxury venue with Southern charm in a prestigious neighborhood.
The Westside Warehouse,"Atlanta, GA",201-250 Guests,5.0,37,A converted warehouse with cathedral ceilings in west-midtown.
42West Entertainment Group,"Atlanta, GA",251-300 Guests,5.0,6,A blend of industrial modernity and refined elegance.
THE TROLLEY BARN,"Atlanta, GA",201-250 Guests,4.2,41,A historic structure with hardwood floors and garden area.
Hotel Colee,"Atlanta, GA",251-300 Guests,0.0,0,An award-winning hotel for celebrations and events.
Omni Atlanta Hotel at Centennial Park,"Atlanta, GA",300+ Guests,5.0,2,"A hotel in downtown Atlanta, perfect for weddings."
Enon Ranch,"Atlanta, GA",251-300 Guests,5,2,"Enon Ranch is a beautiful wedding venue located in Atlanta, GA."
Pristine Chapel Lakeside,"Jonesboro, GA",251-300 Guests,4.8,103,"Pristine Chapel Lakeside is a luxe ceremony and reception venue in Jonesboro, GA."
Brick and Ivey,"Marietta, GA",151-200 Guests,5,100,Brick and Ivey is North Atlanta's newest wedding venue with modern amenities.
Stanley House Mansion,"Marietta, GA",101-150 Guests,5,48,Stanley House Mansion is a historic wedding venue with classic Southern charm.
Primrose Cottage,"Roswell, GA",300+ Guests,4.9,272,Primrose Cottage is an enchanting three-story home in Historic Roswell.
Roswell Historic Hall,"Roswell, GA",300+ Guests,4.3,49,Roswell Historic Hall is a versatile event venue for various celebrations.
Kimball Hall,"Roswell, GA",151-200 Guests,5,162,Kimball Hall offers indoor and outdoor ceremony sites and a new courtyard.
The Atrium,"Norcross, GA",101-150 Guests,4.9,151,The Atrium features a mezzanine level overlooking a two-story glass atrium.
Country Club of Roswell,"Roswell, GA",201-250 Guests,4.7,23,Country Club of Roswell accommodates both intimate and large receptions.
Vecoma At The Yellow River,"Snellville, GA",251-300 Guests,4.9,199,Vecoma at the Yellow River is an all-inclusive wedding venue on 70 acres.
Naylor Hall,"Roswell, GA",201-250 Guests,5,173,Naylor Hall is a historic venue with a modern makeover.
Flint Hill,"Norcross, GA",251-300 Guests,4.8,205,Flint Hill is a restored historic mansion with landscaped grounds.
Ivy Hall,"Roswell, GA",201-250 Guests,4.9,89,Ivy Hall is part of the historic Roswell Mill with Southern history.
Little Gardens,"Lawrenceville, GA",251-300 Guests,4.9,215,Little Gardens offers a serene retreat with manor house and gardens.
Olde Towne Special Events,"Atlanta, GA",251-300 Guests,5,66,Olde Towne Special Events hosts weddings with a stylish backdrop.
Whitestone Reserve,"Austell, GA",101-150 Guests,5,21,Whitestone Reserve features chandeliers and natural lighting.
The 173 Carlyle House,"Norcross, GA",300+ Guests,4.8,109,The 173 Carlyle House is a turn-of-the-century mansion.
The Foxglove,"Marietta, GA",300+ Guests,5,3,The Foxglove is a characterful venue in Marietta's historic district.
The Reserves at Hamilton Homes,"Mableton, GA",101-150 Guests,5,1,The Reserves at Hamilton Homes offers sunset views and timeless interiors.
Brumby Hall & Gardens,"Marietta, GA",151-200 Guests,4,2,Brumby Hall & Gardens is a historic venue with meticulously kept gardens.
Roswell Mill Club,"Roswell, GA",151-200 Guests,4.8,41,Roswell Mill Club is a historic venue with Southern history.
Eden Garden House,"Atlanta, GA",151-200 Guests,5,0,Eden Garden House is a renovated garden facility for special events.
Huntcliff River Club,"Atlanta Area, GA",101-150 Guests,4.9,30,Huntcliff River Club is surrounded by river oaks and manicured lawns.
Chattahoochee Nature Center,"Roswell, GA",151-200 Guests,4.8,38,Chattahoochee Nature Center connects people with nature for weddings.
The Cotton Gin at Mill Creek,"Hiram, GA",151-200 Guests,5,96,The Cotton Gin at Mill Creek is an all-inclusive wedding venue.
Ashton Gardens Atlanta by Walters Wedding Estates,"Sugar Hill, GA",251-300 Guests,4.8,477,Ashton Gardens features a glass chapel surrounded by lush gardens.
Conservatory at Waterstone,"Acworth, GA",201-250 Guests,4.9,102,Conservatory at Waterstone is a historic banquet hall with full services.
Little River Farms,"Alpharetta, GA",201-250 Guests,4.9,188,Little River Farms offers a peaceful retreat near Atlanta.
The Wildflower Barn at Little River Farms,"Alpharetta, GA",101-150 Guests,5,81,"The Wildflower Barn is a historic, renovated barn for weddings."
Payne Corley House,"Duluth, GA",151-200 Guests,5,190,Payne-Corley House is a restored farmhouse with picturesque grounds.
Venue 92,"Woodstock, GA",151-200 Guests,4.9,89,"An outdoor event space that can accommodate various wedding visions, from romantic gardens to neon-lit parties."
SomeTheme Weddings & Events,Metro Atlanta and Surrounding Areas,51-100 Guests,5,6,A timeless elegant venue that avoids rustic or industrial feels.
The Grande At Kennesaw,"Kennesaw, GA",201-250 Guests,4,10,A charming Victorian-style farmhouse with landscaped gardens.
Foxhall Resort,"Douglasville, GA",201-250 Guests,4.2,63,"A picturesque resort offering a full weekend wedding experience on 1,100 acres."
TPC Sugarloaf,"Duluth, GA",201-250 Guests,5,36,An elegant clubhouse with a ceremony lawn overlooking a golf course.
Douglasville Conference Center,"Douglasville, GA",300+ Guests,3,1,An elegant conference center in downtown with exemplary service.
Genesis Ballroom,"Suwanee, GA",251-300 Guests,4.7,14,An opulent wedding venue blending elegance and industrial styles.
Governors Towne Club,"Acworth, GA",201-250 Guests,4.2,13,An elegant golf course venue with sophisticated spaces.
Hilton Alpharetta Atlanta,"Alpharetta, GA",251-300 Guests,5,1,A modern hotel with outdoor event spaces.
Vines Mansion & Gardens,"Loganville, GA",300+ Guests,4.6,31,A mansion with gardens offering an open vendor policy.
Kite Manor Events & Studio,"Fayetteville, GA",51-100 Guests,5,0,A modern and rustic venue with pools and outdoor spaces.
Hazlehurst House,"McDonough, GA",251-300 Guests,4.8,54,A historic house on three acres with indoor and outdoor spaces.
St Ives Country Club,"Johns Creek, GA",201-250 Guests,4.7,14,A country club with a large clubhouse and scenic views.
Cherry Hollow Farm,"Chattahoochee Hills, GA",151-200 Guests,5,6,An indoor/outdoor venue with multiple amenities.
Breckinridge Banquet Hall,"Duluth, GA",101-150 Guests,4.8,27,An upscale venue for intimate to large weddings.
Atlanta Cosmopolitan Event Center,"Douglasville, GA",300+ Guests,0,0,A venue offering everything needed for a dream wedding.
Atlanta Marriott Alpharetta,"Alpharetta, GA",300+ Guests,5,2,A luxurious hotel for sophisticated events.
The Wheeler House and Barn,"Ball Ground, GA",251-300 Guests,4.9,117,A rustic barn with Southern charm.
Carl House,"Auburn, GA",201-250 Guests,4.8,185,A historic home with elegant grounds.
Lanier Islands Weddings,"Buford, GA",300+ Guests,4.7,170,A venue with various options and amenities.
Koury Farms Weddings & Events,"Auburn, GA",151-200 Guests,5,110,A unique venue with attention to detail.
Vinewood Stables,"Newnan, GA",201-250 Guests,4.9,88,A historic homestead with a farmhouse.
Bradford House and Gardens,"Flowery Branch, GA",101-150 Guests,5,42,A classic southern home on seven acres.
In The Woods,"Rockmart, GA",201-250 Guests,5,23,A rustic and charming wedding venue.
The Venue at Stillwater Pond,"Temple, GA",151-200 Guests,4.8,0,A picturesque venue with forestry views.
The Engine Room,"Monroe, GA",300+ Guests,4.9,32,A historic venue with modern convenience.
Lillian Gardens,"Newnan, GA",151-200 Guests,5,37,A mansion and gardens offering event planning.
Four Oaks Manor,"Buford, GA",101-150 Guests,4.7,50,A garden wedding venue in a historic farmhouse.
Fendley Farmstead LLC,"Canton, GA",151-200 Guests,5,114,A picturesque farm with historic settings.
Hi-Def Events,"Newnan, GA",251-300 Guests,5,11,A modern event venue near Atlanta.
